{
  "card_id": "4dc55e78-6df4-40d6-a4d5-c6ac1f38a0e4",
  "polygon": [
    [
      0.605,
      0.1640566037735849
    ],
    [
      0.28833333333333333,
      0.20037735849056604
    ],
    [
      0.4266666666666667,
      0.23790880503144657
    ],
    [
      0.245,
      0.5030503144654088
    ],
    [
      0.44666666666666666,
      0.454622641509434
    ],
    [
      0.6300000000000001,
      0.5006289308176101
    ],
    [
      0.5683333333333334,
      0.3456603773584906
    ],
    [
      0.6916666666666667,
      0.3032861635220126
    ]
  ],
  "metrics": {
    "vertex_count": 8,
    "coverage_ratio": 0.251,
    "mean_alpha": 245.7,
    "contour_count": 2,
    "flags": {
      "vertex_count_low": false,
      "vertex_count_high": false,
      "coverage_ok": true,
      "alpha_ok": true,
      "fragmented": false
    }
  }
}