{
  "card_id": "5d767b1a-a226-4a36-b7bc-7729da207019",
  "polygon": [
    [
      0.415,
      0.1822169811320755
    ],
    [
      0.3933333333333333,
      0.24880503144654087
    ],
    [
      0.48000000000000004,
      0.26696540880503145
    ],
    [
      0.42333333333333334,
      0.35050314465408805
    ],
    [
      0.495,
      0.3686635220125786
    ],
    [
      0.5233333333333334,
      0.43525157232704403
    ],
    [
      0.675,
      0.42435534591194973
    ],
    [
      0.7449999999999999,
      0.32628930817610063
    ],
    [
      0.6699999999999999,
      0.24154088050314465
    ]
  ],
  "metrics": {
    "vertex_count": 9,
    "coverage_ratio": 0.1615,
    "mean_alpha": 249.0,
    "contour_count": 1,
    "flags": {
      "vertex_count_low": false,
      "vertex_count_high": false,
      "coverage_ok": true,
      "alpha_ok": true,
      "fragmented": false
    }
  }
}