{
  "card_id": "5fef1ee1-211d-4367-94c0-95463899f865",
  "polygon": [
    [
      0.39,
      0.135
    ],
    [
      0.33166666666666667,
      0.2270125786163522
    ],
    [
      0.3666666666666667,
      0.49820754716981136
    ],
    [
      0.5700000000000001,
      0.5091037735849057
    ],
    [
      0.655,
      0.46794025157232705
    ],
    [
      0.5883333333333334,
      0.3214465408805032
    ],
    [
      0.7250000000000001,
      0.1906918238993711
    ],
    [
      0.48666666666666664,
      0.24154088050314465
    ],
    [
      0.44833333333333336,
      0.1362106918238994
    ]
  ],
  "metrics": {
    "vertex_count": 9,
    "coverage_ratio": 0.2661,
    "mean_alpha": 248.1,
    "contour_count": 1,
    "flags": {
      "vertex_count_low": false,
      "vertex_count_high": false,
      "coverage_ok": true,
      "alpha_ok": true,
      "fragmented": false
    }
  }
}