{
  "card_id": "66e88721-2d33-4d84-ada6-03799aadaa48",
  "polygon": [
    [
      0.4716666666666667,
      0.25727987421383647
    ],
    [
      0.435,
      0.29965408805031446
    ],
    [
      0.35833333333333334,
      0.3190251572327044
    ],
    [
      0.4083333333333333,
      0.33234276729559753
    ],
    [
      0.3833333333333333,
      0.4061949685534591
    ],
    [
      0.42,
      0.43888364779874217
    ],
    [
      0.37,
      0.47278301886792456
    ],
    [
      0.495,
      0.44856918238993715
    ],
    [
      0.48000000000000004,
      0.4957861635220126
    ],
    [
      0.5083333333333333,
      0.5078930817610063
    ],
    [
      0.575,
      0.43525157232704403
    ]
  ],
  "metrics": {
    "vertex_count": 11,
    "coverage_ratio": 0.0791,
    "mean_alpha": 247.9,
    "contour_count": 5,
    "flags": {
      "vertex_count_low": false,
      "vertex_count_high": false,
      "coverage_ok": false,
      "alpha_ok": true,
      "fragmented": true
    }
  }
}