{
  "card_id": "ac2b4f46-d2c0-40b1-b7f4-025e598f4ed2",
  "polygon": [
    [
      0.7449999999999999,
      0.135
    ],
    [
      0.6100000000000001,
      0.177374213836478
    ],
    [
      0.6200000000000001,
      0.36261006289308173
    ],
    [
      0.53,
      0.3686635220125786
    ],
    [
      0.5933333333333333,
      0.4231446540880503
    ],
    [
      0.7983333333333333,
      0.40982704402515724
    ],
    [
      0.79,
      0.27786163522012575
    ],
    [
      0.8499999999999999,
      0.19674528301886793
    ],
    [
      0.7933333333333334,
      0.219748427672956
    ],
    [
      0.8066666666666666,
      0.1737421383647799
    ]
  ],
  "metrics": {
    "vertex_count": 10,
    "coverage_ratio": 0.1566,
    "mean_alpha": 245.9,
    "contour_count": 1,
    "flags": {
      "vertex_count_low": false,
      "vertex_count_high": false,
      "coverage_ok": true,
      "alpha_ok": true,
      "fragmented": false
    }
  }
}