{
  "card_id": "c547446a-5bf5-4080-ad6c-1fc861537507",
  "polygon": [
    [
      0.125,
      0.1640566037735849
    ],
    [
      0.155,
      0.24275157232704403
    ],
    [
      0.355,
      0.22095911949685537
    ],
    [
      0.37833333333333335,
      0.3105503144654088
    ],
    [
      0.5,
      0.3892452830188679
    ],
    [
      0.7050000000000001,
      0.4340408805031447
    ],
    [
      0.7150000000000001,
      0.25122641509433963
    ],
    [
      0.6133333333333333,
      0.1398427672955975
    ]
  ],
  "metrics": {
    "vertex_count": 8,
    "coverage_ratio": 0.2869,
    "mean_alpha": 245.9,
    "contour_count": 1,
    "flags": {
      "vertex_count_low": false,
      "vertex_count_high": false,
      "coverage_ok": true,
      "alpha_ok": true,
      "fragmented": false
    }
  }
}